,Stock keywords
0,"GreenPower Motor Company Inc. (NASDAQ: GP) (TSXV: GPV) (""GreenPower""), a leading manufacturer and distributor of zero emission electric powered..."
1,"VANCOUVER, BC, Dec. 5, 2022 /PRNewswire/ - Fosterville South Exploration Ltd. (""Fosterville South"") or (the ""Company"") (TSXV: FSX) (OTCQX: FSXLF)..."
2,"CALGARY, AB, Dec. 5, 2022 /PRNewswire/ - Pembina Pipeline Corporation (""Pembina"" or the ""Company"") (TSX: PPL) (NYSE: PBA) announced today that its..."
3,"CALGARY, AB, Dec. 5, 2022 /PRNewswire/ - Horizon Petroleum Ltd. (the ""Company"" or ""Horizon"") (TSXV: HPL.H) is pleased to report the results of a..."
4,"$ unless otherwise stated TSX/NYSE/PSE: MFC SEHK: 945 BOSTON, Dec. 5, 2022 /PRNewswire/ - John Hancock Investment Management, a company of Manulife..."
5,"VANCOUVER, BC, Dec. 5, 2022 /PRNewswire/ - Minerva Intelligence Inc. (TSXV: MVAI) (OTCQB: MVAIF) (""Minerva"" or the ""Company""), an artificial..."
6,"VANCOUVER, BC, Dec. 5, 2022 /PRNewswire/ - New Pacific Metals Corp. (""New Pacific"" or the ""Company"") (TSX: NUAG) (NYSE American: NEWP) is pleased to..."
7,"TORONTO, Dec. 5, 2022 /PRNewswire/ - Sun Life Financial Inc. (TSX: SLF) (NYSE: SLF) is pleased to announce the appointment of Laurie Hylton to the..."
8,"VANCOUVER, BC, Dec. 5, 2022 /PRNewswire/ - New Pacific Metals Corp. (""New Pacific"" or the ""Company"") (TSX: NUAG) (NYSE American: NEWP) is pleased to..."
9,"Investor Webinar scheduled for Wednesday, December 7, 2022 at 10:00 am PT SURREY, BC, Dec. 5, 2022 /PRNewswire/ - INEO Tech Corp. (TSXV: INEO)..."
10,"NASDAQ | TSX: ACB Balance Sheet Remains in Net Cash Position, Further Strengthened with Accretive Debt Reduction EDMONTON, AB, Dec. 5, 2022..."
11,"Investor Webinar scheduled for Wednesday, December 7, 2022 at 10:00 am PT SURREY, BC, Dec. 5, 2022 /PRNewswire/ - INEO Tech Corp. (TSXV: INEO)..."
